Knight/Cleric Male	Knight/Cleric Female	Dark Elf Pesant Male	Dark Elf Pesant Female	Troll/Minotaur	Vampire/Necro Female	Vampire/Necro Male	Dragon	To make excel work right
Aaron	Alemada	Aleton	Alemada	Alton	Abellona	Aleton	Aleton	*end
Abe	Amadrea	Beren	Amadrea	Ashburn	Abigail	Beren	Beren	*end
Abel	Angeama	Blajake	Angeama	Aylin	Acacia	Blajake	Blajake	*end
Adam	Angebria	Blajuan	Angebria	Basher	Adalgisa	Blajuan	Blajuan	*end
Adrian	Annaju	Brale	Annaju	Bishop	Aisilinn	Brale	Brale	*end
Adrienne	Ariasti	Breed	Ariasti	Blaine	Alethea	Breed	Breed	*end
Ahmed	Baimaria	Chaseleon	Baimaria	Brook	Alexandra	Chaseleon	Chaseleon	*end
Akio	Brida	Coreywyn	Brida	Bruce	Basilia	Coreywyn	Coreywyn	*end
Akira	Brierly	Daale	Brierly	Bruno	Benedicta	Daale	Daale	*end
Al	Byire	Daet	Byire	Cavein	Bronwynn	Daet	Daet	*end
Alain	Cewe	Dalo	Cewe	Carrion	Calandra	Dalo	Dalo	*end
Alaine	Cheyelerie	Deed	Cheyelerie	Dunerider	Callista	Deed	Deed	*end
Alan	Couisa	Gaivan	Couisa	Dust	Carissa	Gaivan	Gaivan	*end
Albert	Daiyve	Gobra	Daiyve	Elmwater	Cassandraree	Gobra	Gobra	*end
Alec	Darina	Hued	Darina	Eton	Celeste	Hued	Hued	*end
Alejandro	Debrie	Joren	Debrie	Aleton	Dalilia	Joren	Joren	*end
Alexander	Dialia	Judan	Dialia	Beren	Damaris	Judan	Judan	*end
Alfred	Diari	Juevan	Diari	Blajake	Damitia	Juevan	Juevan	*end
Alton	Domade	Juphi	Domade	Blajuan	Danelis	Juphi	Juphi	*end
Altred	Donie	Kegar	Donie	Brale	Delphine	Kegar	Kegar	*end
Alvin	Dseyria	Kesel	Dseyria	Brent	Demetria	Kesel	Kesel	*end
Ambrose	Fiosama	Kosto	Fiosama	Chaseleon	Deolinda	Kosto	Kosto	*end
Amos	Flonah	Loric	Flonah	Coreywyn	Dextra	Loric	Loric	*end
Andrew	Fralie	Maje	Fralie	Daale	Dimona	Maje	Maje	*end
Andy	Ganah	Maul	Ganah	Daet	Dylanna	Maul	Maul	*end
Anthony	Gemah	Moven	Gemah	Dalo	Ebony	Moven	Moven	*end
Anton	Geme	Mylix	Geme	Deed	Edelmira	Mylix	Mylix	*end
Arby	Haleyther	Nahen	Haleyther	Gaivan	Egelinna	Nahen	Nahen	*end
Arda	Hana	Navin	Hana	Gobra	Electra	Navin	Navin	*end
Arden	Hara	Nelix	Hara	Hued	Emeline	Nelix	Nelix	*end
Ariel	Irelerie	Nichoisaiah	Irelerie	Joren	Eudocia	Nichoisaiah	Nichoisaiah	*end
Aristeo	Irewa	Pago	Irewa	Judan	Felicia	Pago	Pago	*end
Aristidis	Isaeli	Rahu	Isaeli	Juevan	Fiammetta	Rahu	Rahu	*end
Arlen	Isafe	Rilix	Isafe	Juphi	Forsythia	Rilix	Rilix	*end
Arlo	Jaerin	Stogan	Jaerin	Kegar	Freya	Stogan	Stogan	*end
Armand 	Javane	Stoken	Javane	Kesel	Gelsominia	Stoken	Stoken	*end
Arnie	Jeisa	Tadal	Jeisa	Kosto	Gillian	Tadal	Tadal	*end
Arnold	Jeuna	Tajos	Jeuna	Loric	Glynis	Tajos	Tajos	*end
Arthur	Jotha	Tanat	Jotha	Maje	Gwenda	Tanat	Tanat	*end
Aryeh	Kade	Tayrod	Kade	Maul	Hannah	Tayrod	Tayrod	*end
Ash	Kariad	Thrax	Kariad	Moven	Heather	Thrax	Thrax	*end
Ashton	Kariti	Triian	Kariti	Mylix	Heladia	Triian	Triian	*end
Austin	Kearia	Trimark	Kearia	Nahen	Hibernia	Trimark	Trimark	*end
Barett	Kieri	Vaune	Kieri	Navin	Hildereth	Vaune	Vaune	*end
Barney	Kira	Veron	Kira	Nelix	Idona	Veron	Veron	*end
Bart	Kiir	Waler	Kiir	Nichoisaiah	Imelda	Waler	Waler	*end
Beauregard	Kile	Waluke	Kile	Pago	Inocencia	Waluke	Waluke	*end
Ben	Krira	Wanic	Krira	Rahu	Isadora	Wanic	Wanic	*end
Benedict	Laueli	Zaje	Laueli	Rilix	Ivy	Zaje	Zaje	*end
Benito	Lauuna	*end	Lauuna	Stogan	Jacobina	*end	*end	*end
Benjamin	Leriedan		Leriedan	Stoken	Jacquline			*end
Bennett	Lewe		Lewe	Tadal	Jade			*end
Benny	Liabra		Liabra	Tajos	Jasmine			*end
Benoit	Lyra		Lyra	Tanat	Jennilee			*end
Bernadette	Maaly		Maaly	Tayrod	Justice			*end
Bernard	Mariline		Mariline	Thrax	Kaitlin			*end
Bert	Marinie		Marinie	Triian	Kassandra			*end
Bertrand	Maryli		Maryli	Trimark	Kayley			*end
Billy	Mina		Mina	Vaune	Kezia			*end
Bishop	Miraan		Miraan	Veron	Kynthia			*end
Blaine	Nicoire		Nicoire	Waler	Lainey			*end
Blake	Nicosi		Nicosi	Waluke	Lakeshia			*end
Blondeau	Niqueale		Niqueale	Wanic	Latanya			*end
Bo	Norene		Norene	Zaje	Liana			*end
Bob	Odethe		Odethe	*end	Lilith			*end
Bobby	Odeva		Odeva		Lorelie			*end
Bodo	Pherebe		Pherebe		Lysandra			*end
Boris	Rama		Rama		Maggie			*end
Brad	Rare		Rare		Mallcora			*end
Braden	Ratha		Ratha		Mercedes			*end
Bradford	Redrea		Redrea		Nedra			*end
Bradley	Riakari		Riakari		Nerys			*end
Brain	Riara		Riara		Nilsine			*end
Brandon	Rierina		Rierina		Odelia			*end
Brendon	Rija		Rija		Olesia			*end
Brent	Ronimira		Ronimira		Ophira			*end
Brett	Rore		Rore		Pacifica			*end
Bronwyn	Rulilian		Rulilian		Pandora			*end
Brook	Saemi		Saemi		Parthenia			*end
Bruce	Sanina		Sanina		Payne			*end
Bruno	Savale		Savale		Perfecta			*end
Bryce	Savasarah		Savasarah		Quirina			*end
Bud	Shene		Shene		Rachel			*end
Buford	Siealy		Siealy		Raign			*end
Burton	Sieemi		Sieemi		Raven			*end
Butch	Sija		Sija		Rook			*end
Byron	Suju		Suju		Rose			*end
Caao	Sumanu		Sumanu		Ruthina			*end
Cal	Syfe		Syfe		Sabrina			*end
Caleb	Syke		Syke		Sammantha			*end
Callo	Tayfra		Tayfra		Sapphire			*end
Calvin	Thaaly		Thaaly		Scarlet			*end
Cameron	Thade		Thade		Selby			*end
Carl	Uname		Uname		Sophia			*end
Carlo	Viaas		Viaas		Tabitha			*end
Carlos	Viain		Viain		Tamara			*end
Carter	Viarene		Viarene		Tanisha			*end
Cary	Wela		Wela		Tempest			*end
Casey	Xafra		Xafra		Tivian			*end
Cecil	Xasi		Xasi		Topaz			*end
Cedric	Yvedsey		Yvedsey		Ulminia			*end
Cesar	Yveral		Yveral		Ultima			*end
Chad	Yvomine		Yvomine		Ursula			*end
Charles	Yvoire		Yvoire		Valentia			*end
Charlie	Yvovia		Yvovia		Veronica			*end
Chester	Zoele		Zoele		Vivian			*end
Chet	*end		*end		Wanda			*end
Chip					Weslia			*end
Chris					Winona			*end
Christopher					Wysandra			*end
Chuck					Xylia			*end
Cian					Yessica			*end
Clarence					Zephyr			*end
Clark					*end			*end
Clay								*end
Clifford								*end
Clyde								*end
Cody								*end
Colin								*end
Connor								*end
Conrad								*end
Constantin								*end
Corbet								*end
Cord								*end
Corey								*end
Cornelius								*end
Cory								*end
Craig								*end
Cyrus								*end
Dal								*end
Dale								*end
Dallas								*end
Damien								*end
Dan								*end
Daniel								*end
Danny								*end
Dante								*end
Daron								*end
Dave								*end
Davey								*end
David								*end
Deane								*end
Del								*end
Dennis								*end
Denny								*end
Derek								*end
Desmond								*end
Devon								*end
Dieter								*end
Doc								*end
Dodridge								*end
Dolph								*end
Dominic								*end
Don								*end
Donald								*end
Douglas								*end
Drew								*end
Duke								*end
Duncan								*end
Dustin								*end
Dwane								*end
Dwight								*end
Dylan								*end
Earl								*end
Ed								*end
Eddie								*end
Edgar								*end
Edison								*end
Edmond								*end
Elijah								*end
Elliott								*end
Elton								*end
Emil								*end
Emmanuel								*end
Emmett								*end
Enoch								*end
Eric								*end
Ernest								*end
Ernie								*end
Errol								*end
Ervin								*end
Ethan								*end
Eugene								*end
Evan								*end
Fabian								*end
Farrell								*end
Felix								*end
Ferdinand								*end
Fletcher								*end
Floyd								*end
Forrest								*end
Francisco								*end
Frank								*end
Franklin								*end
Franz								*end
Fred								*end
Frederick								*end
Gabe								*end
Gabriel								*end
Gaetano								*end
Garett								*end
Gary 								*end
Ged								*end
Geoffrey								*end
George								*end
Gerald								*end
Gerry								*end
Gilbert								*end
Gilmore								*end
Gino								*end
Glenn								*end
Gonzalo								*end
Gordon								*end
Graham								*end
Grant								*end
Greg								*end
Gregory								*end
Grey								*end
Guillerno								*end
Gus								*end
Guy								*end
Hal								*end
Hampton								*end
Han								*end
Hank								*end
Hans								*end
Hardy								*end
Harlan								*end
Harley								*end
Harold								*end
Harrison								*end
Harry								*end
Harvey								*end
Hayden								*end
Heath								*end
Heathet								*end
Hector								*end
Helmut								*end
Henry								*end
Herb								*end
Herbert								*end
Herman								*end
Herzl								*end
Hoc								*end
Holden								*end
Homer								*end
Horace								*end
Howard								*end
Hugh								*end
Hugo								*end
Hunter								*end
Ian								*end
Ignacio								*end
Igor								*end
Ike								*end
Ira								*end
Irving								*end
Irwin								*end
Isaac								*end
Isao								*end
Ismael								*end
Ivan								*end
Ivar								*end
Jack								*end
Jacob								*end
Jake								*end
James								*end
Jamie								*end
Jarrod								*end
Jason								*end
Jasper								*end
Javier								*end
Jay								*end
Jean-Paul								*end
Jean-Pierre								*end
Jed								*end
Jeremiah								*end
Jeremy								*end
Jerome								*end
Jesse								*end
Jim								*end
Jo								*end
Joe								*end
Joel								*end
Joeseph								*end
Johann								*end
John								*end
Jon								*end
Jonah								*end
Jonathan								*end
Jordan								*end
Joshua								*end
Judd								*end
Jules								*end
Justin								*end
Kai								*end
Kareen								*end
Karl								*end
Keegan								*end
Keith								*end
Kel								*end
Kelly								*end
Ken								*end
Kenneth								*end
Kern								*end
Kevin								*end
Khanh								*end
Kirk								*end
Lance								*end
Larry								*end
Lars								*end
Lazare								*end
Lee								*end
Leif								*end
Leland								*end
Leo								*end
Leon								*end
Leonard								*end
Leroy								*end
Lester								*end
Lewis								*end
Liam								*end
Lindsey								*end
Lionel								*end
Lloyd								*end
Logan								*end
Lon								*end
Lonny								*end
Lou								*end
Louie								*end
Louis								*end
Lowell								*end
Lucky								*end
Ludwig								*end
Luigi								*end
Luke								*end
Luther								*end
Lyman								*end
Lynden								*end
Mac								*end
Macro								*end
Malcolm								*end
Manfred								*end
Manny								*end
Marc								*end
Marcello								*end
Marco								*end
Marcus								*end
Mario								*end
Marion								*end
Mark								*end
Marlon								*end
Marshal								*end
Martin								*end
Marvin								*end
Mathew								*end
Matt								*end
Max								*end
Maxwell								*end
Mel								*end
Melvin								*end
Mick								*end
Mike								*end
Miles								*end
Mitch								*end
Mohammed								*end
Monte								*end
Morel								*end
Morris								*end
Morton								*end
Murray								*end
Myles								*end
Nate								*end
Nathan								*end
Nathaniel								*end
Neal								*end
Ned								*end
Nelson								*end
Newt								*end
Nicholas								*end
Nick								*end
Nickolas								*end
Noah								*end
Norm								*end
Norman								*end
Norris								*end
Olaf								*end
Oliver								*end
Otis								*end
Owen								*end
Parker								*end
Pat								*end
Patrick								*end
Paul								*end
Pavel								*end
Percival								*end
Percy								*end
Perry								*end
Pete								*end
Peter								*end
Phaedrus								*end
Phil								*end
Philip								*end
Pierce								*end
Pierre								*end
Preston								*end
Quan								*end
Quentin								*end
Quinn								*end
Radu								*end
Rafael								*end
Ralph								*end
Ramey								*end
Ramsey								*end
Randall								*end
Randolph								*end
Randy								*end
Raul								*end
Raymond								*end
Reg								*end
Reginald								*end
Rene								*end
Renzo								*end
Rex								*end
Reynaldo								*end
Richard								*end
Ricky								*end
Rob								*end
Robby								*end
Robert								*end
Robin								*end
Rocky								*end
Rodney								*end
Roland								*end
Ron								*end
Ronald								*end
Rory								*end
Ross								*end
Roy								*end
Rudy								*end
Rupert								*end
Russell								*end
Rusty								*end
Ryan								*end
Saad								*end
Sal								*end
Salvatore								*end
Sam								*end
Samuel								*end
Sandeep								*end
Santos								*end
Saul								*end
Scalise								*end
Scott								*end
Sean								*end
Sebastian								*end
Sergio								*end
Seth								*end
Seymour								*end
Sheldon								*end
Shelley								*end
Sherdon								*end
Sherman 								*end
Shimon								*end
Sidney								*end
Simon								*end
Slade								*end
Sonny								*end
Spencer								*end
Stacey								*end
Stan								*end
Stanley								*end
Stephen								*end
Steve								*end
Steven								*end
Stuart								*end
Suleman								*end
Sven								*end
Sylvester 								*end
Tad								*end
Taka								*end
Terrance								*end
Thaddeus								*end
Thane								*end
Theodore								*end
Thomas								*end
Tim								*end
Timothy								*end
Tobias								*end
Todd								*end
Tom								*end
Tony								*end
Tran								*end
Travis								*end
Trent								*end
Trenton								*end
Trevor								*end
Trip								*end
Tyler								*end
Tyson								*end
Vadim								*end
Val								*end
Vance								*end
Verne								*end
Vernon								*end
Victor								*end
Viktor								*end
Vincenzo								*end
Volg								*end
Virgil								*end
Vladimir								*end
Wade								*end
Waldo								*end
Wallace								*end
Walter								*end
Wayne								*end
Warren								*end
Webb								*end
Wendell								*end
Wesley								*end
Wilbert								*end
Wilfred 								*end
Wilam								*end
Will								*end
Willard								*end
William								*end
Wilson								*end
Winston								*end
Woodrow								*end
Xuan 								*end
Yancy								*end
Yuri								*end
Yves								*end
Zaccharia								*end
Zack								*end
Zebulon								*end
Zeke								*end
*end								*end
